City_ID,City,Country,Date,Lat,Lng,Max Temp,Humidity,Cloudiness,Wind Speed
0,La Ronge,BR,2020-08-25 17:39:26,-8.28,-35.03,82.4,61,20,13.87
1,Sao Felix Do Xingu,BR,2020-08-25 17:39:26,-8.28,-35.03,82.4,61,20,13.87
2,Caravelas,BR,2020-08-25 17:39:26,-8.28,-35.03,82.4,61,20,13.87
3,Mataura,BR,2020-08-25 17:39:26,-8.28,-35.03,82.4,61,20,13.87
4,Dingle,BR,2020-08-25 17:39:26,-8.28,-35.03,82.4,61,20,13.87
5,Yellowknife,BR,2020-08-25 17:39:26,-8.28,-35.03,82.4,61,20,13.87
6,Tuatapere,BR,2020-08-25 17:39:26,-8.28,-35.03,82.4,61,20,13.87
7,Shalya,BR,2020-08-25 17:39:26,-8.28,-35.03,82.4,61,20,13.87
8,Hermanus,BR,2020-08-25 17:39:27,-8.28,-35.03,82.4,61,20,13.87
9,Verkh-Suetka,BR,2020-08-25 17:39:26,-8.28,-35.03,82.4,61,20,13.87
10,Ishim,BR,2020-08-25 17:39:26,-8.28,-35.03,82.4,61,20,13.87
11,Cape Town,BR,2020-08-25 17:39:26,-8.28,-35.03,82.4,61,20,13.87
12,Abalak,BR,2020-08-25 17:39:26,-8.28,-35.03,82.4,61,20,13.87
13,Taolanaro,BR,2020-08-25 17:39:26,-8.28,-35.03,82.4,61,20,13.87
14,Khatanga,BR,2020-08-25 17:39:26,-8.28,-35.03,82.4,61,20,13.87
15,Mozelos,BR,2020-08-25 17:39:26,-8.28,-35.03,82.4,61,20,13.87
16,Opportunity,BR,2020-08-25 17:39:26,-8.28,-35.03,82.4,61,20,13.87
17,Atuona,BR,2020-08-25 17:39:26,-8.28,-35.03,82.4,61,20,13.87
18,Hovd,BR,2020-08-25 17:39:26,-8.28,-35.03,82.4,61,20,13.87
19,Pimenta Bueno,BR,2020-08-25 17:39:26,-8.28,-35.03,82.4,61,20,13.87
20,East London,BR,2020-08-25 17:39:26,-8.28,-35.03,82.4,61,20,13.87
21,Menongue,BR,2020-08-25 17:39:26,-8.28,-35.03,82.4,61,20,13.87
22,Havoysund,BR,2020-08-25 17:39:26,-8.28,-35.03,82.4,61,20,13.87
23,Alto Araguaia,BR,2020-08-25 17:39:27,-8.28,-35.03,82.4,61,20,13.87
24,New Norfolk,BR,2020-08-25 17:39:27,-8.28,-35.03,82.4,61,20,13.87
25,Almaznyy,BR,2020-08-25 17:39:26,-8.28,-35.03,82.4,61,20,13.87
26,Busselton,BR,2020-08-25 17:39:27,-8.28,-35.03,82.4,61,20,13.87
27,Airai,BR,2020-08-25 17:39:26,-8.28,-35.03,82.4,61,20,13.87
28,Victoria,BR,2020-08-25 17:39:26,-8.28,-35.03,82.4,61,20,13.87
29,Nizhneyansk,BR,2020-08-25 17:39:26,-8.28,-35.03,82.4,61,20,13.87
30,Bredasdorp,BR,2020-08-25 17:39:26,-8.28,-35.03,82.4,61,20,13.87
31,Solovetskiy,BR,2020-08-25 17:39:26,-8.28,-35.03,82.4,61,20,13.87
32,Juneau,BR,2020-08-25 17:39:26,-8.28,-35.03,82.4,61,20,13.87
33,Port Elizabeth,BR,2020-08-25 17:39:27,-8.28,-35.03,82.4,61,20,13.87
34,Port Lincoln,BR,2020-08-25 17:39:27,-8.28,-35.03,82.4,61,20,13.87
35,Isangel,BR,2020-08-25 17:39:26,-8.28,-35.03,82.4,61,20,13.87
36,Lanigan,BR,2020-08-25 17:39:26,-8.28,-35.03,82.4,61,20,13.87
37,Saint-Philippe,BR,2020-08-25 17:39:26,-8.28,-35.03,82.4,61,20,13.87
38,Tiksi,BR,2020-08-25 17:39:27,-8.28,-35.03,82.4,61,20,13.87
39,Punta Arenas,BR,2020-08-25 17:39:26,-8.28,-35.03,82.4,61,20,13.87
40,Qaanaaq,BR,2020-08-25 17:39:26,-8.28,-35.03,82.4,61,20,13.87
41,Kolondieba,BR,2020-08-25 17:39:26,-8.28,-35.03,82.4,61,20,13.87
42,Nizwa,BR,2020-08-25 17:39:27,-8.28,-35.03,82.4,61,20,13.87
43,Ati,BR,2020-08-25 17:39:26,-8.28,-35.03,82.4,61,20,13.87
44,Ushuaia,BR,2020-08-25 17:39:26,-8.28,-35.03,82.4,61,20,13.87
45,Salalah,BR,2020-08-25 17:39:27,-8.28,-35.03,82.4,61,20,13.87
46,Labuhan,BR,2020-08-25 17:39:26,-8.28,-35.03,82.4,61,20,13.87
47,Hvammstangi,BR,2020-08-25 17:39:26,-8.28,-35.03,82.4,61,20,13.87
48,Olafsvik,BR,2020-08-25 17:39:27,-8.28,-35.03,82.4,61,20,13.87
49,Yafran,BR,2020-08-25 17:39:26,-8.28,-35.03,82.4,61,20,13.87
50,Castro,BR,2020-08-25 17:39:27,-8.28,-35.03,82.4,61,20,13.87
51,Zabrani,BR,2020-08-25 17:39:26,-8.28,-35.03,82.4,61,20,13.87
52,Rikitea,BR,2020-08-25 17:39:26,-8.28,-35.03,82.4,61,20,13.87
53,Port-Gentil,BR,2020-08-25 17:39:27,-8.28,-35.03,82.4,61,20,13.87
54,Barentsburg,BR,2020-08-25 17:39:26,-8.28,-35.03,82.4,61,20,13.87
55,Kapaa,BR,2020-08-25 17:39:26,-8.28,-35.03,82.4,61,20,13.87
56,Adelaide,BR,2020-08-25 17:39:26,-8.28,-35.03,82.4,61,20,13.87
57,Kupang,BR,2020-08-25 17:39:26,-8.28,-35.03,82.4,61,20,13.87
58,Honningsvag,BR,2020-08-25 17:39:26,-8.28,-35.03,82.4,61,20,13.87
59,Adrar,BR,2020-08-25 17:39:26,-8.28,-35.03,82.4,61,20,13.87
60,Souillac,BR,2020-08-25 17:39:27,-8.28,-35.03,82.4,61,20,13.87
61,Barrow,BR,2020-08-25 17:39:27,-8.28,-35.03,82.4,61,20,13.87
62,Bambous Virieux,BR,2020-08-25 17:39:26,-8.28,-35.03,82.4,61,20,13.87
63,Broken Hill,BR,2020-08-25 17:39:26,-8.28,-35.03,82.4,61,20,13.87
64,Fort Nelson,BR,2020-08-25 17:39:26,-8.28,-35.03,82.4,61,20,13.87
65,Moose Factory,BR,2020-08-25 17:39:26,-8.28,-35.03,82.4,61,20,13.87
66,Vila Velha,BR,2020-08-25 17:39:26,-8.28,-35.03,82.4,61,20,13.87
67,Lompoc,BR,2020-08-25 17:39:26,-8.28,-35.03,82.4,61,20,13.87
68,Vallenar,BR,2020-08-25 17:39:27,-8.28,-35.03,82.4,61,20,13.87
69,Burkhala,BR,2020-08-25 17:39:27,-8.28,-35.03,82.4,61,20,13.87
70,Lebanon,BR,2020-08-25 17:39:26,-8.28,-35.03,82.4,61,20,13.87
71,Sambava,BR,2020-08-25 17:39:26,-8.28,-35.03,82.4,61,20,13.87
72,Grindavik,BR,2020-08-25 17:39:26,-8.28,-35.03,82.4,61,20,13.87
73,Mamburao,BR,2020-08-25 17:39:27,-8.28,-35.03,82.4,61,20,13.87
74,Santa Rita,BR,2020-08-25 17:39:27,-8.28,-35.03,82.4,61,20,13.87
75,Quesnel,BR,2020-08-25 17:39:26,-8.28,-35.03,82.4,61,20,13.87
76,Nome,BR,2020-08-25 17:39:26,-8.28,-35.03,82.4,61,20,13.87
77,Hasaki,BR,2020-08-25 17:39:26,-8.28,-35.03,82.4,61,20,13.87
78,Puerto Ayora,BR,2020-08-25 17:39:26,-8.28,-35.03,82.4,61,20,13.87
79,Yurimaguas,BR,2020-08-25 17:39:26,-8.28,-35.03,82.4,61,20,13.87
80,Lorengau,BR,2020-08-25 17:39:27,-8.28,-35.03,82.4,61,20,13.87
81,Biak,BR,2020-08-25 17:39:27,-8.28,-35.03,82.4,61,20,13.87
82,Hithadhoo,BR,2020-08-25 17:39:26,-8.28,-35.03,82.4,61,20,13.87
83,San Quintin,BR,2020-08-25 17:39:27,-8.28,-35.03,82.4,61,20,13.87
84,Kawalu,BR,2020-08-25 17:39:26,-8.28,-35.03,82.4,61,20,13.87
85,Papar,BR,2020-08-25 17:39:26,-8.28,-35.03,82.4,61,20,13.87
86,Illoqqortoormiut,BR,2020-08-25 17:39:26,-8.28,-35.03,82.4,61,20,13.87
87,Jamestown,BR,2020-08-25 17:39:27,-8.28,-35.03,82.4,61,20,13.87
88,Alice Springs,BR,2020-08-25 17:39:26,-8.28,-35.03,82.4,61,20,13.87
89,Rocha,BR,2020-08-25 17:39:26,-8.28,-35.03,82.4,61,20,13.87
90,Georgetown,BR,2020-08-25 17:39:26,-8.28,-35.03,82.4,61,20,13.87
91,Lebu,BR,2020-08-25 17:39:26,-8.28,-35.03,82.4,61,20,13.87
92,Hobart,BR,2020-08-25 17:39:26,-8.28,-35.03,82.4,61,20,13.87
93,Amderma,BR,2020-08-25 17:39:26,-8.28,-35.03,82.4,61,20,13.87
94,Palana,BR,2020-08-25 17:39:26,-8.28,-35.03,82.4,61,20,13.87
95,Halalo,BR,2020-08-25 17:39:26,-8.28,-35.03,82.4,61,20,13.87
96,Batemans Bay,BR,2020-08-25 17:39:26,-8.28,-35.03,82.4,61,20,13.87
97,Tidore,BR,2020-08-25 17:39:27,-8.28,-35.03,82.4,61,20,13.87
98,Srednekolymsk,BR,2020-08-25 17:39:26,-8.28,-35.03,82.4,61,20,13.87
99,Vaini,BR,2020-08-25 17:39:26,-8.28,-35.03,82.4,61,20,13.87
100,Pisco,BR,2020-08-25 17:39:26,-8.28,-35.03,82.4,61,20,13.87
101,Yumen,BR,2020-08-25 17:39:27,-8.28,-35.03,82.4,61,20,13.87
102,Attawapiskat,BR,2020-08-25 17:39:27,-8.28,-35.03,82.4,61,20,13.87
103,Kasungu,BR,2020-08-25 17:39:27,-8.28,-35.03,82.4,61,20,13.87
104,Santa Rosa,BR,2020-08-25 17:39:27,-8.28,-35.03,82.4,61,20,13.87
105,Gazni,BR,2020-08-25 17:39:26,-8.28,-35.03,82.4,61,20,13.87
106,Tuktoyaktuk,BR,2020-08-25 17:39:26,-8.28,-35.03,82.4,61,20,13.87
107,Wajima,BR,2020-08-25 17:39:27,-8.28,-35.03,82.4,61,20,13.87
108,Candolim,BR,2020-08-25 17:39:26,-8.28,-35.03,82.4,61,20,13.87
109,Bolivar,BR,2020-08-25 17:39:26,-8.28,-35.03,82.4,61,20,13.87
110,Kaitangata,BR,2020-08-25 17:39:26,-8.28,-35.03,82.4,61,20,13.87
111,Bluff,BR,2020-08-25 17:39:27,-8.28,-35.03,82.4,61,20,13.87
112,Zambezi,BR,2020-08-25 17:39:26,-8.28,-35.03,82.4,61,20,13.87
113,Coquimbo,BR,2020-08-25 17:39:26,-8.28,-35.03,82.4,61,20,13.87
114,Arraial Do Cabo,BR,2020-08-25 17:39:26,-8.28,-35.03,82.4,61,20,13.87
115,Mokhsogollokh,BR,2020-08-25 17:39:27,-8.28,-35.03,82.4,61,20,13.87
116,Katete,BR,2020-08-25 17:39:26,-8.28,-35.03,82.4,61,20,13.87
117,Launceston,BR,2020-08-25 17:39:27,-8.28,-35.03,82.4,61,20,13.87
118,Vilhena,BR,2020-08-25 17:39:26,-8.28,-35.03,82.4,61,20,13.87
119,Hoshiarpur,BR,2020-08-25 17:39:26,-8.28,-35.03,82.4,61,20,13.87
120,Saint George,BR,2020-08-25 17:39:26,-8.28,-35.03,82.4,61,20,13.87
121,Ponta Delgada,BR,2020-08-25 17:39:26,-8.28,-35.03,82.4,61,20,13.87
122,Methven,BR,2020-08-25 17:39:26,-8.28,-35.03,82.4,61,20,13.87
123,Sorland,BR,2020-08-25 17:39:26,-8.28,-35.03,82.4,61,20,13.87
124,Hobyo,BR,2020-08-25 17:39:27,-8.28,-35.03,82.4,61,20,13.87
125,Vostok,BR,2020-08-25 17:39:27,-8.28,-35.03,82.4,61,20,13.87
126,Sinnamary,BR,2020-08-25 17:39:27,-8.28,-35.03,82.4,61,20,13.87
127,Dobre Miasto,BR,2020-08-25 17:39:27,-8.28,-35.03,82.4,61,20,13.87
128,Terrace,BR,2020-08-25 17:39:26,-8.28,-35.03,82.4,61,20,13.87
129,Albany,BR,2020-08-25 17:39:26,-8.28,-35.03,82.4,61,20,13.87
130,Sitka,BR,2020-08-25 17:39:27,-8.28,-35.03,82.4,61,20,13.87
131,Valparaiso,BR,2020-08-25 17:39:27,-8.28,-35.03,82.4,61,20,13.87
132,Bay Roberts,BR,2020-08-25 17:39:26,-8.28,-35.03,82.4,61,20,13.87
133,Esperance,BR,2020-08-25 17:39:27,-8.28,-35.03,82.4,61,20,13.87
134,Rawson,BR,2020-08-25 17:39:26,-8.28,-35.03,82.4,61,20,13.87
135,Samusu,BR,2020-08-25 17:39:26,-8.28,-35.03,82.4,61,20,13.87
136,Le Passage,BR,2020-08-25 17:39:26,-8.28,-35.03,82.4,61,20,13.87
137,Tasiilaq,BR,2020-08-25 17:39:26,-8.28,-35.03,82.4,61,20,13.87
138,Katsuura,BR,2020-08-25 17:39:26,-8.28,-35.03,82.4,61,20,13.87
139,Newtownards,BR,2020-08-25 17:39:26,-8.28,-35.03,82.4,61,20,13.87
140,Alofi,BR,2020-08-25 17:39:27,-8.28,-35.03,82.4,61,20,13.87
141,Dauphin,BR,2020-08-25 17:39:26,-8.28,-35.03,82.4,61,20,13.87
142,Aklavik,BR,2020-08-25 17:39:26,-8.28,-35.03,82.4,61,20,13.87
143,Coahuayana,BR,2020-08-25 17:39:27,-8.28,-35.03,82.4,61,20,13.87
144,Ilhabela,BR,2020-08-25 17:39:27,-8.28,-35.03,82.4,61,20,13.87
145,Haines Junction,BR,2020-08-25 17:39:26,-8.28,-35.03,82.4,61,20,13.87
146,Aitape,BR,2020-08-25 17:39:26,-8.28,-35.03,82.4,61,20,13.87
147,Grand Gaube,BR,2020-08-25 17:39:26,-8.28,-35.03,82.4,61,20,13.87
148,Harrisonburg,BR,2020-08-25 17:39:26,-8.28,-35.03,82.4,61,20,13.87
149,Stokmarknes,BR,2020-08-25 17:39:26,-8.28,-35.03,82.4,61,20,13.87
150,Monrovia,BR,2020-08-25 17:39:26,-8.28,-35.03,82.4,61,20,13.87
151,Inverell,BR,2020-08-25 17:39:27,-8.28,-35.03,82.4,61,20,13.87
152,Provideniya,BR,2020-08-25 17:39:26,-8.28,-35.03,82.4,61,20,13.87
153,Husavik,BR,2020-08-25 17:39:26,-8.28,-35.03,82.4,61,20,13.87
154,Bendigo,BR,2020-08-25 17:39:26,-8.28,-35.03,82.4,61,20,13.87
155,Yar-Sale,BR,2020-08-25 17:39:26,-8.28,-35.03,82.4,61,20,13.87
156,Louisbourg,BR,2020-08-25 17:39:26,-8.28,-35.03,82.4,61,20,13.87
157,Muros,BR,2020-08-25 17:39:27,-8.28,-35.03,82.4,61,20,13.87
158,Pacific Grove,BR,2020-08-25 17:39:26,-8.28,-35.03,82.4,61,20,13.87
159,Cidreira,BR,2020-08-25 17:39:27,-8.28,-35.03,82.4,61,20,13.87
160,Port Alfred,BR,2020-08-25 17:39:26,-8.28,-35.03,82.4,61,20,13.87
161,Thompson,BR,2020-08-25 17:39:26,-8.28,-35.03,82.4,61,20,13.87
162,Longyearbyen,BR,2020-08-25 17:39:27,-8.28,-35.03,82.4,61,20,13.87
163,Vaitupu,BR,2020-08-25 17:39:26,-8.28,-35.03,82.4,61,20,13.87
164,Maningrida,BR,2020-08-25 17:39:26,-8.28,-35.03,82.4,61,20,13.87
165,Kibaya,BR,2020-08-25 17:39:26,-8.28,-35.03,82.4,61,20,13.87
166,Mochudi,BR,2020-08-25 17:39:26,-8.28,-35.03,82.4,61,20,13.87
167,Hamilton,BR,2020-08-25 17:39:27,-8.28,-35.03,82.4,61,20,13.87
168,Bathsheba,BR,2020-08-25 17:39:27,-8.28,-35.03,82.4,61,20,13.87
169,Hambantota,BR,2020-08-25 17:39:26,-8.28,-35.03,82.4,61,20,13.87
170,Richards Bay,BR,2020-08-25 17:39:26,-8.28,-35.03,82.4,61,20,13.87
171,Beyneu,BR,2020-08-25 17:39:27,-8.28,-35.03,82.4,61,20,13.87
172,Saleaula,BR,2020-08-25 17:39:27,-8.28,-35.03,82.4,61,20,13.87
173,Ketchikan,BR,2020-08-25 17:39:27,-8.28,-35.03,82.4,61,20,13.87
174,Sola,BR,2020-08-25 17:39:26,-8.28,-35.03,82.4,61,20,13.87
175,Kamaishi,BR,2020-08-25 17:39:26,-8.28,-35.03,82.4,61,20,13.87
176,Saint-Ambroise,BR,2020-08-25 17:39:27,-8.28,-35.03,82.4,61,20,13.87
177,Mahebourg,BR,2020-08-25 17:39:26,-8.28,-35.03,82.4,61,20,13.87
178,Iqaluit,BR,2020-08-25 17:39:27,-8.28,-35.03,82.4,61,20,13.87
179,Nokaneng,BR,2020-08-25 17:39:27,-8.28,-35.03,82.4,61,20,13.87
180,Avarua,BR,2020-08-25 17:39:26,-8.28,-35.03,82.4,61,20,13.87
181,Butaritari,BR,2020-08-25 17:39:26,-8.28,-35.03,82.4,61,20,13.87
182,Nikolskoye,BR,2020-08-25 17:39:26,-8.28,-35.03,82.4,61,20,13.87
183,Dzhusaly,BR,2020-08-25 17:39:27,-8.28,-35.03,82.4,61,20,13.87
184,Nowy Dwor Gdanski,BR,2020-08-25 17:39:26,-8.28,-35.03,82.4,61,20,13.87
185,Fevralsk,BR,2020-08-25 17:39:26,-8.28,-35.03,82.4,61,20,13.87
186,Huarmey,BR,2020-08-25 17:39:27,-8.28,-35.03,82.4,61,20,13.87
187,Takoradi,BR,2020-08-25 17:39:27,-8.28,-35.03,82.4,61,20,13.87
188,Luanda,BR,2020-08-25 17:39:26,-8.28,-35.03,82.4,61,20,13.87
189,Kavieng,BR,2020-08-25 17:39:27,-8.28,-35.03,82.4,61,20,13.87
190,Komsomolskiy,BR,2020-08-25 17:39:26,-8.28,-35.03,82.4,61,20,13.87
191,Saravan,BR,2020-08-25 17:39:27,-8.28,-35.03,82.4,61,20,13.87
192,Nurota,BR,2020-08-25 17:39:27,-8.28,-35.03,82.4,61,20,13.87
193,Taburi,BR,2020-08-25 17:39:27,-8.28,-35.03,82.4,61,20,13.87
194,Sorvag,BR,2020-08-25 17:39:26,-8.28,-35.03,82.4,61,20,13.87
195,Razdolinsk,BR,2020-08-25 17:39:27,-8.28,-35.03,82.4,61,20,13.87
196,Honjo,BR,2020-08-25 17:39:26,-8.28,-35.03,82.4,61,20,13.87
197,Port Moresby,BR,2020-08-25 17:39:26,-8.28,-35.03,82.4,61,20,13.87
198,Sao Jose Da Coroa Grande,BR,2020-08-25 17:39:26,-8.28,-35.03,82.4,61,20,13.87
199,El Cobre,BR,2020-08-25 17:39:26,-8.28,-35.03,82.4,61,20,13.87
200,Krabi,BR,2020-08-25 17:39:27,-8.28,-35.03,82.4,61,20,13.87
201,Geraldton,BR,2020-08-25 17:39:27,-8.28,-35.03,82.4,61,20,13.87
202,Ostrovnoy,BR,2020-08-25 17:39:27,-8.28,-35.03,82.4,61,20,13.87
203,Wasilla,BR,2020-08-25 17:39:26,-8.28,-35.03,82.4,61,20,13.87
204,Upernavik,BR,2020-08-25 17:39:26,-8.28,-35.03,82.4,61,20,13.87
205,Ames,BR,2020-08-25 17:39:26,-8.28,-35.03,82.4,61,20,13.87
206,Camacari,BR,2020-08-25 17:39:27,-8.28,-35.03,82.4,61,20,13.87
207,Hilo,BR,2020-08-25 17:39:26,-8.28,-35.03,82.4,61,20,13.87
208,Mtama,BR,2020-08-25 17:39:26,-8.28,-35.03,82.4,61,20,13.87
209,Brigantine,BR,2020-08-25 17:39:26,-8.28,-35.03,82.4,61,20,13.87
210,Sentyabrskiy,BR,2020-08-25 17:39:26,-8.28,-35.03,82.4,61,20,13.87
211,Bilibino,BR,2020-08-25 17:39:26,-8.28,-35.03,82.4,61,20,13.87
212,Verkhnyaya Inta,BR,2020-08-25 17:39:27,-8.28,-35.03,82.4,61,20,13.87
213,Kachiry,BR,2020-08-25 17:39:26,-8.28,-35.03,82.4,61,20,13.87
214,Juli,BR,2020-08-25 17:39:26,-8.28,-35.03,82.4,61,20,13.87
215,Neverkino,BR,2020-08-25 17:39:27,-8.28,-35.03,82.4,61,20,13.87
216,Botou,BR,2020-08-25 17:39:26,-8.28,-35.03,82.4,61,20,13.87
217,Gravdal,BR,2020-08-25 17:39:26,-8.28,-35.03,82.4,61,20,13.87
218,Kruisfontein,BR,2020-08-25 17:39:27,-8.28,-35.03,82.4,61,20,13.87
219,Najran,BR,2020-08-25 17:39:26,-8.28,-35.03,82.4,61,20,13.87
220,Mareeba,BR,2020-08-25 17:39:27,-8.28,-35.03,82.4,61,20,13.87
221,Kushmurun,BR,2020-08-25 17:39:26,-8.28,-35.03,82.4,61,20,13.87
222,Tiebissou,BR,2020-08-25 17:39:26,-8.28,-35.03,82.4,61,20,13.87
223,Nishihara,BR,2020-08-25 17:39:26,-8.28,-35.03,82.4,61,20,13.87
224,Mulege,BR,2020-08-25 17:39:26,-8.28,-35.03,82.4,61,20,13.87
225,Westport,BR,2020-08-25 17:39:26,-8.28,-35.03,82.4,61,20,13.87
226,Vesoul,BR,2020-08-25 17:39:26,-8.28,-35.03,82.4,61,20,13.87
227,Antalaha,BR,2020-08-25 17:39:26,-8.28,-35.03,82.4,61,20,13.87
228,Ojinaga,BR,2020-08-25 17:39:27,-8.28,-35.03,82.4,61,20,13.87
229,Umm Lajj,BR,2020-08-25 17:39:26,-8.28,-35.03,82.4,61,20,13.87
230,Port Hedland,BR,2020-08-25 17:39:26,-8.28,-35.03,82.4,61,20,13.87
231,Bolungarvik,BR,2020-08-25 17:39:26,-8.28,-35.03,82.4,61,20,13.87
232,Mount Isa,BR,2020-08-25 17:39:26,-8.28,-35.03,82.4,61,20,13.87
233,Sao Filipe,BR,2020-08-25 17:39:27,-8.28,-35.03,82.4,61,20,13.87
234,Fortuna,BR,2020-08-25 17:39:26,-8.28,-35.03,82.4,61,20,13.87
235,Champerico,BR,2020-08-25 17:39:27,-8.28,-35.03,82.4,61,20,13.87
236,San Cristobal,BR,2020-08-25 17:39:26,-8.28,-35.03,82.4,61,20,13.87
237,Kodiak,BR,2020-08-25 17:39:27,-8.28,-35.03,82.4,61,20,13.87
238,Lazaro Cardenas,BR,2020-08-25 17:39:26,-8.28,-35.03,82.4,61,20,13.87
239,Susanville,BR,2020-08-25 17:39:26,-8.28,-35.03,82.4,61,20,13.87
240,Guozhen,BR,2020-08-25 17:39:26,-8.28,-35.03,82.4,61,20,13.87
241,Okhotsk,BR,2020-08-25 17:39:26,-8.28,-35.03,82.4,61,20,13.87
242,Saint-Augustin,BR,2020-08-25 17:39:27,-8.28,-35.03,82.4,61,20,13.87
243,Divnomorskoye,BR,2020-08-25 17:39:27,-8.28,-35.03,82.4,61,20,13.87
244,Talnakh,BR,2020-08-25 17:39:26,-8.28,-35.03,82.4,61,20,13.87
245,Karauzyak,BR,2020-08-25 17:39:26,-8.28,-35.03,82.4,61,20,13.87
246,Jumla,BR,2020-08-25 17:39:27,-8.28,-35.03,82.4,61,20,13.87
247,Dikson,BR,2020-08-25 17:39:26,-8.28,-35.03,82.4,61,20,13.87
248,Henties Bay,BR,2020-08-25 17:39:26,-8.28,-35.03,82.4,61,20,13.87
249,Aksu,BR,2020-08-25 17:39:26,-8.28,-35.03,82.4,61,20,13.87
250,Tanete,BR,2020-08-25 17:39:27,-8.28,-35.03,82.4,61,20,13.87
251,Cabra,BR,2020-08-25 17:39:26,-8.28,-35.03,82.4,61,20,13.87
252,Chuy,BR,2020-08-25 17:39:27,-8.28,-35.03,82.4,61,20,13.87
253,Kashi,BR,2020-08-25 17:39:26,-8.28,-35.03,82.4,61,20,13.87
254,Mataruska Banja,BR,2020-08-25 17:39:26,-8.28,-35.03,82.4,61,20,13.87
255,Portree,BR,2020-08-25 17:39:26,-8.28,-35.03,82.4,61,20,13.87
256,Kapoeta,BR,2020-08-25 17:39:26,-8.28,-35.03,82.4,61,20,13.87
257,Boz,BR,2020-08-25 17:39:26,-8.28,-35.03,82.4,61,20,13.87
258,Marawi,BR,2020-08-25 17:39:26,-8.28,-35.03,82.4,61,20,13.87
259,Cedar City,BR,2020-08-25 17:39:26,-8.28,-35.03,82.4,61,20,13.87
260,Skibbereen,BR,2020-08-25 17:39:26,-8.28,-35.03,82.4,61,20,13.87
261,Beloha,BR,2020-08-25 17:39:26,-8.28,-35.03,82.4,61,20,13.87
262,Narsaq,BR,2020-08-25 17:39:26,-8.28,-35.03,82.4,61,20,13.87
263,Palenque,BR,2020-08-25 17:39:26,-8.28,-35.03,82.4,61,20,13.87
264,Eresos,BR,2020-08-25 17:39:26,-8.28,-35.03,82.4,61,20,13.87
265,Sataua,BR,2020-08-25 17:39:26,-8.28,-35.03,82.4,61,20,13.87
266,Balkhash,BR,2020-08-25 17:39:26,-8.28,-35.03,82.4,61,20,13.87
267,Soubre,BR,2020-08-25 17:39:26,-8.28,-35.03,82.4,61,20,13.87
268,San Patricio,BR,2020-08-25 17:39:27,-8.28,-35.03,82.4,61,20,13.87
269,Derzhavinsk,BR,2020-08-25 17:39:27,-8.28,-35.03,82.4,61,20,13.87
270,Nanortalik,BR,2020-08-25 17:39:26,-8.28,-35.03,82.4,61,20,13.87
271,Farafangana,BR,2020-08-25 17:39:26,-8.28,-35.03,82.4,61,20,13.87
272,Saskylakh,BR,2020-08-25 17:39:26,-8.28,-35.03,82.4,61,20,13.87
273,Ribeira Grande,BR,2020-08-25 17:39:26,-8.28,-35.03,82.4,61,20,13.87
274,Ilulissat,BR,2020-08-25 17:39:26,-8.28,-35.03,82.4,61,20,13.87
275,Flinders,BR,2020-08-25 17:39:26,-8.28,-35.03,82.4,61,20,13.87
276,Gamba,BR,2020-08-25 17:39:26,-8.28,-35.03,82.4,61,20,13.87
277,Bengkulu,BR,2020-08-25 17:39:26,-8.28,-35.03,82.4,61,20,13.87
278,Clyde River,BR,2020-08-25 17:39:26,-8.28,-35.03,82.4,61,20,13.87
279,Bon Accord,BR,2020-08-25 17:39:26,-8.28,-35.03,82.4,61,20,13.87
280,Mporokoso,BR,2020-08-25 17:39:26,-8.28,-35.03,82.4,61,20,13.87
281,Mar Del Plata,BR,2020-08-25 17:39:26,-8.28,-35.03,82.4,61,20,13.87
282,Moron,BR,2020-08-25 17:39:26,-8.28,-35.03,82.4,61,20,13.87
283,Sibu,BR,2020-08-25 17:39:27,-8.28,-35.03,82.4,61,20,13.87
284,Bikaner,BR,2020-08-25 17:39:26,-8.28,-35.03,82.4,61,20,13.87
285,Saldanha,BR,2020-08-25 17:39:26,-8.28,-35.03,82.4,61,20,13.87
286,Panguipulli,BR,2020-08-25 17:39:26,-8.28,-35.03,82.4,61,20,13.87
287,Uray,BR,2020-08-25 17:39:26,-8.28,-35.03,82.4,61,20,13.87
288,Lolua,BR,2020-08-25 17:39:27,-8.28,-35.03,82.4,61,20,13.87
289,Cockburn Town,BR,2020-08-25 17:39:27,-8.28,-35.03,82.4,61,20,13.87
290,Chapulhuacan,BR,2020-08-25 17:39:26,-8.28,-35.03,82.4,61,20,13.87
291,Linhares,BR,2020-08-25 17:39:26,-8.28,-35.03,82.4,61,20,13.87
292,Taoudenni,BR,2020-08-25 17:39:26,-8.28,-35.03,82.4,61,20,13.87
293,Hasanabad,BR,2020-08-25 17:39:26,-8.28,-35.03,82.4,61,20,13.87
294,Flagstaff,BR,2020-08-25 17:39:26,-8.28,-35.03,82.4,61,20,13.87
295,Pilao Arcado,BR,2020-08-25 17:39:26,-8.28,-35.03,82.4,61,20,13.87
296,Torbay,BR,2020-08-25 17:39:26,-8.28,-35.03,82.4,61,20,13.87
297,Schattdorf,BR,2020-08-25 17:39:26,-8.28,-35.03,82.4,61,20,13.87
298,Cabo San Lucas,BR,2020-08-25 17:39:27,-8.28,-35.03,82.4,61,20,13.87
299,Ahuimanu,BR,2020-08-25 17:39:26,-8.28,-35.03,82.4,61,20,13.87
300,Fairbanks,BR,2020-08-25 17:39:27,-8.28,-35.03,82.4,61,20,13.87
301,Broome,BR,2020-08-25 17:39:26,-8.28,-35.03,82.4,61,20,13.87
302,Hami,BR,2020-08-25 17:39:26,-8.28,-35.03,82.4,61,20,13.87
303,Rockport,BR,2020-08-25 17:39:26,-8.28,-35.03,82.4,61,20,13.87
304,Tarakan,BR,2020-08-25 17:39:26,-8.28,-35.03,82.4,61,20,13.87
305,Kahului,BR,2020-08-25 17:39:26,-8.28,-35.03,82.4,61,20,13.87
306,Korla,BR,2020-08-25 17:39:27,-8.28,-35.03,82.4,61,20,13.87
307,Zhigansk,BR,2020-08-25 17:39:26,-8.28,-35.03,82.4,61,20,13.87
308,Puerto Cabezas,BR,2020-08-25 17:39:26,-8.28,-35.03,82.4,61,20,13.87
309,Vanavara,BR,2020-08-25 17:39:26,-8.28,-35.03,82.4,61,20,13.87
310,Ust-Kamchatsk,BR,2020-08-25 17:39:26,-8.28,-35.03,82.4,61,20,13.87
311,Yinchuan,BR,2020-08-25 17:39:26,-8.28,-35.03,82.4,61,20,13.87
312,Kyshtovka,BR,2020-08-25 17:39:26,-8.28,-35.03,82.4,61,20,13.87
313,Aktau,BR,2020-08-25 17:39:26,-8.28,-35.03,82.4,61,20,13.87
314,Kurayoshi,BR,2020-08-25 17:39:26,-8.28,-35.03,82.4,61,20,13.87
315,Mount Gambier,BR,2020-08-25 17:39:26,-8.28,-35.03,82.4,61,20,13.87
316,Alim,BR,2020-08-25 17:39:27,-8.28,-35.03,82.4,61,20,13.87
317,Majene,BR,2020-08-25 17:39:26,-8.28,-35.03,82.4,61,20,13.87
318,Carnarvon,BR,2020-08-25 17:39:26,-8.28,-35.03,82.4,61,20,13.87
319,Cap Malheureux,BR,2020-08-25 17:39:26,-8.28,-35.03,82.4,61,20,13.87
320,Bethel,BR,2020-08-25 17:39:27,-8.28,-35.03,82.4,61,20,13.87
321,Clarence Town,BR,2020-08-25 17:39:26,-8.28,-35.03,82.4,61,20,13.87
322,Sur,BR,2020-08-25 17:39:26,-8.28,-35.03,82.4,61,20,13.87
323,Lincoln,BR,2020-08-25 17:39:26,-8.28,-35.03,82.4,61,20,13.87
324,Saint-Pierre,BR,2020-08-25 17:39:26,-8.28,-35.03,82.4,61,20,13.87
325,Kijang,BR,2020-08-25 17:39:26,-8.28,-35.03,82.4,61,20,13.87
326,Boa Vista,BR,2020-08-25 17:39:27,-8.28,-35.03,82.4,61,20,13.87
327,Seoul,BR,2020-08-25 17:39:26,-8.28,-35.03,82.4,61,20,13.87
328,Gladstone,BR,2020-08-25 17:39:26,-8.28,-35.03,82.4,61,20,13.87
329,Santa Cruz Cabralia,BR,2020-08-25 17:39:26,-8.28,-35.03,82.4,61,20,13.87
330,Dhidhdhoo,BR,2020-08-25 17:39:26,-8.28,-35.03,82.4,61,20,13.87
331,Lata,BR,2020-08-25 17:39:27,-8.28,-35.03,82.4,61,20,13.87
332,Xining,BR,2020-08-25 17:39:26,-8.28,-35.03,82.4,61,20,13.87
333,Waipawa,BR,2020-08-25 17:39:27,-8.28,-35.03,82.4,61,20,13.87
334,Norman Wells,BR,2020-08-25 17:39:26,-8.28,-35.03,82.4,61,20,13.87
335,Auki,BR,2020-08-25 17:39:26,-8.28,-35.03,82.4,61,20,13.87
336,Los Llanos De Aridane,BR,2020-08-25 17:39:26,-8.28,-35.03,82.4,61,20,13.87
337,Kruglolesskoye,BR,2020-08-25 17:39:27,-8.28,-35.03,82.4,61,20,13.87
338,Mumford,BR,2020-08-25 17:39:26,-8.28,-35.03,82.4,61,20,13.87
339,Kyakhta,BR,2020-08-25 17:39:26,-8.28,-35.03,82.4,61,20,13.87
340,Price,BR,2020-08-25 17:39:27,-8.28,-35.03,82.4,61,20,13.87
341,Otane,BR,2020-08-25 17:39:27,-8.28,-35.03,82.4,61,20,13.87
342,Skegness,BR,2020-08-25 17:39:26,-8.28,-35.03,82.4,61,20,13.87
343,Ancud,BR,2020-08-25 17:39:26,-8.28,-35.03,82.4,61,20,13.87
344,Severo-Kurilsk,BR,2020-08-25 17:39:26,-8.28,-35.03,82.4,61,20,13.87
345,Weligama,BR,2020-08-25 17:39:26,-8.28,-35.03,82.4,61,20,13.87
346,Umzimvubu,BR,2020-08-25 17:39:26,-8.28,-35.03,82.4,61,20,13.87
347,Karaton,BR,2020-08-25 17:39:26,-8.28,-35.03,82.4,61,20,13.87
348,Sioux Lookout,BR,2020-08-25 17:39:26,-8.28,-35.03,82.4,61,20,13.87
349,Karaul,BR,2020-08-25 17:39:27,-8.28,-35.03,82.4,61,20,13.87
350,Hirara,BR,2020-08-25 17:39:26,-8.28,-35.03,82.4,61,20,13.87
351,Marcona,BR,2020-08-25 17:39:26,-8.28,-35.03,82.4,61,20,13.87
352,Naryan-Mar,BR,2020-08-25 17:39:26,-8.28,-35.03,82.4,61,20,13.87
353,Lujan,BR,2020-08-25 17:39:27,-8.28,-35.03,82.4,61,20,13.87
354,Uni,BR,2020-08-25 17:39:26,-8.28,-35.03,82.4,61,20,13.87
355,Shebunino,BR,2020-08-25 17:39:26,-8.28,-35.03,82.4,61,20,13.87
356,Chiang Rai,BR,2020-08-25 17:39:27,-8.28,-35.03,82.4,61,20,13.87
357,Griffith,BR,2020-08-25 17:39:26,-8.28,-35.03,82.4,61,20,13.87
358,Mangan,BR,2020-08-25 17:39:27,-8.28,-35.03,82.4,61,20,13.87
359,Rantepao,BR,2020-08-25 17:39:26,-8.28,-35.03,82.4,61,20,13.87
360,Kenai,BR,2020-08-25 17:39:26,-8.28,-35.03,82.4,61,20,13.87
361,Whitehorse,BR,2020-08-25 17:39:26,-8.28,-35.03,82.4,61,20,13.87
362,Boyabat,BR,2020-08-25 17:39:26,-8.28,-35.03,82.4,61,20,13.87
363,Avera,BR,2020-08-25 17:39:26,-8.28,-35.03,82.4,61,20,13.87
364,Maloshuyka,BR,2020-08-25 17:39:27,-8.28,-35.03,82.4,61,20,13.87
365,Terney,BR,2020-08-25 17:39:26,-8.28,-35.03,82.4,61,20,13.87
366,Goderich,BR,2020-08-25 17:39:27,-8.28,-35.03,82.4,61,20,13.87
367,Payson,BR,2020-08-25 17:39:26,-8.28,-35.03,82.4,61,20,13.87
368,Iracoubo,BR,2020-08-25 17:39:26,-8.28,-35.03,82.4,61,20,13.87
369,Cabedelo,BR,2020-08-25 17:39:27,-8.28,-35.03,82.4,61,20,13.87
370,Gat,BR,2020-08-25 17:39:27,-8.28,-35.03,82.4,61,20,13.87
371,Panaba,BR,2020-08-25 17:39:26,-8.28,-35.03,82.4,61,20,13.87
372,Port Macquarie,BR,2020-08-25 17:39:26,-8.28,-35.03,82.4,61,20,13.87
373,Qui Nhon,BR,2020-08-25 17:39:27,-8.28,-35.03,82.4,61,20,13.87
374,Kirakira,BR,2020-08-25 17:39:26,-8.28,-35.03,82.4,61,20,13.87
375,Lagoa,BR,2020-08-25 17:39:27,-8.28,-35.03,82.4,61,20,13.87
376,Scottsbluff,BR,2020-08-25 17:39:26,-8.28,-35.03,82.4,61,20,13.87
377,Kloulklubed,BR,2020-08-25 17:39:27,-8.28,-35.03,82.4,61,20,13.87
378,Noumea,BR,2020-08-25 17:39:27,-8.28,-35.03,82.4,61,20,13.87
379,Bontang,BR,2020-08-25 17:39:26,-8.28,-35.03,82.4,61,20,13.87
380,Kovdor,BR,2020-08-25 17:39:27,-8.28,-35.03,82.4,61,20,13.87
381,Belushya Guba,BR,2020-08-25 17:39:26,-8.28,-35.03,82.4,61,20,13.87
382,Half Moon Bay,BR,2020-08-25 17:39:26,-8.28,-35.03,82.4,61,20,13.87
383,Wamba,BR,2020-08-25 17:39:27,-8.28,-35.03,82.4,61,20,13.87
384,Raga,BR,2020-08-25 17:39:26,-8.28,-35.03,82.4,61,20,13.87
385,Aswan,BR,2020-08-25 17:39:26,-8.28,-35.03,82.4,61,20,13.87
386,Comodoro Rivadavia,BR,2020-08-25 17:39:27,-8.28,-35.03,82.4,61,20,13.87
387,Lazarev,BR,2020-08-25 17:39:27,-8.28,-35.03,82.4,61,20,13.87
388,Morrope,BR,2020-08-25 17:39:26,-8.28,-35.03,82.4,61,20,13.87
389,Palmer,BR,2020-08-25 17:39:27,-8.28,-35.03,82.4,61,20,13.87
390,Golden,BR,2020-08-25 17:39:26,-8.28,-35.03,82.4,61,20,13.87
391,Lasa,BR,2020-08-25 17:39:26,-8.28,-35.03,82.4,61,20,13.87
392,Rafaela,BR,2020-08-25 17:39:26,-8.28,-35.03,82.4,61,20,13.87
393,Mitsamiouli,BR,2020-08-25 17:39:26,-8.28,-35.03,82.4,61,20,13.87
394,Cheyenne,BR,2020-08-25 17:39:26,-8.28,-35.03,82.4,61,20,13.87
395,Belaya Gora,BR,2020-08-25 17:39:27,-8.28,-35.03,82.4,61,20,13.87
396,Paita,BR,2020-08-25 17:39:27,-8.28,-35.03,82.4,61,20,13.87
397,Flin Flon,BR,2020-08-25 17:39:26,-8.28,-35.03,82.4,61,20,13.87
398,Kavaratti,BR,2020-08-25 17:39:26,-8.28,-35.03,82.4,61,20,13.87
399,Shimoda,BR,2020-08-25 17:39:26,-8.28,-35.03,82.4,61,20,13.87
400,Edd,BR,2020-08-25 17:39:26,-8.28,-35.03,82.4,61,20,13.87
401,Iranshahr,BR,2020-08-25 17:39:26,-8.28,-35.03,82.4,61,20,13.87
402,Klaksvik,BR,2020-08-25 17:39:26,-8.28,-35.03,82.4,61,20,13.87
403,Abha,BR,2020-08-25 17:39:27,-8.28,-35.03,82.4,61,20,13.87
404,Russkaya Polyana,BR,2020-08-25 17:39:27,-8.28,-35.03,82.4,61,20,13.87
405,Burns Lake,BR,2020-08-25 17:39:26,-8.28,-35.03,82.4,61,20,13.87
406,Codrington,BR,2020-08-25 17:39:26,-8.28,-35.03,82.4,61,20,13.87
407,Dahra,BR,2020-08-25 17:39:26,-8.28,-35.03,82.4,61,20,13.87
408,High Level,BR,2020-08-25 17:39:26,-8.28,-35.03,82.4,61,20,13.87
409,Basoko,BR,2020-08-25 17:39:26,-8.28,-35.03,82.4,61,20,13.87
410,Kindu,BR,2020-08-25 17:39:27,-8.28,-35.03,82.4,61,20,13.87
411,Winfield,BR,2020-08-25 17:39:26,-8.28,-35.03,82.4,61,20,13.87
412,Severodvinsk,BR,2020-08-25 17:39:26,-8.28,-35.03,82.4,61,20,13.87
413,Nabire,BR,2020-08-25 17:39:26,-8.28,-35.03,82.4,61,20,13.87
414,Paamiut,BR,2020-08-25 17:39:26,-8.28,-35.03,82.4,61,20,13.87
415,Andros Town,BR,2020-08-25 17:39:27,-8.28,-35.03,82.4,61,20,13.87
416,Oranjemund,BR,2020-08-25 17:39:27,-8.28,-35.03,82.4,61,20,13.87
417,Ulladulla,BR,2020-08-25 17:39:26,-8.28,-35.03,82.4,61,20,13.87
418,Sao Gabriel Da Cachoeira,BR,2020-08-25 17:39:26,-8.28,-35.03,82.4,61,20,13.87
419,Touros,BR,2020-08-25 17:39:26,-8.28,-35.03,82.4,61,20,13.87
420,Grafenhainichen,BR,2020-08-25 17:39:26,-8.28,-35.03,82.4,61,20,13.87
421,Kampong Thum,BR,2020-08-25 17:39:26,-8.28,-35.03,82.4,61,20,13.87
422,Shingu,BR,2020-08-25 17:39:26,-8.28,-35.03,82.4,61,20,13.87
423,Melita,BR,2020-08-25 17:39:26,-8.28,-35.03,82.4,61,20,13.87
424,Paralimni,BR,2020-08-25 17:39:26,-8.28,-35.03,82.4,61,20,13.87
425,Kittery,BR,2020-08-25 17:39:26,-8.28,-35.03,82.4,61,20,13.87
426,Ponta Do Sol,BR,2020-08-25 17:39:26,-8.28,-35.03,82.4,61,20,13.87
427,Vardo,BR,2020-08-25 17:39:26,-8.28,-35.03,82.4,61,20,13.87
428,Boianu Mare,BR,2020-08-25 17:39:27,-8.28,-35.03,82.4,61,20,13.87
429,Archidona,BR,2020-08-25 17:39:27,-8.28,-35.03,82.4,61,20,13.87
430,Kutum,BR,2020-08-25 17:39:26,-8.28,-35.03,82.4,61,20,13.87
431,Kaimur,BR,2020-08-25 17:39:26,-8.28,-35.03,82.4,61,20,13.87
432,Anadyr,BR,2020-08-25 17:39:26,-8.28,-35.03,82.4,61,20,13.87
433,Pevek,BR,2020-08-25 17:39:27,-8.28,-35.03,82.4,61,20,13.87
434,Kermen,BR,2020-08-25 17:39:27,-8.28,-35.03,82.4,61,20,13.87
435,Xichang,BR,2020-08-25 17:39:27,-8.28,-35.03,82.4,61,20,13.87
436,Tongren,BR,2020-08-25 17:39:27,-8.28,-35.03,82.4,61,20,13.87
437,Sens,BR,2020-08-25 17:39:27,-8.28,-35.03,82.4,61,20,13.87
438,Pangnirtung,BR,2020-08-25 17:39:26,-8.28,-35.03,82.4,61,20,13.87
439,Svecha,BR,2020-08-25 17:39:26,-8.28,-35.03,82.4,61,20,13.87
440,Hailun,BR,2020-08-25 17:39:26,-8.28,-35.03,82.4,61,20,13.87
441,Ipixuna,BR,2020-08-25 17:39:26,-8.28,-35.03,82.4,61,20,13.87
442,Houma,BR,2020-08-25 17:39:27,-8.28,-35.03,82.4,61,20,13.87
443,Baykit,BR,2020-08-25 17:39:26,-8.28,-35.03,82.4,61,20,13.87
444,Ampanihy,BR,2020-08-25 17:39:26,-8.28,-35.03,82.4,61,20,13.87
445,Luderitz,BR,2020-08-25 17:39:27,-8.28,-35.03,82.4,61,20,13.87
446,Potosi,BR,2020-08-25 17:39:27,-8.28,-35.03,82.4,61,20,13.87
447,Suhbaatar,BR,2020-08-25 17:39:26,-8.28,-35.03,82.4,61,20,13.87
448,Mersing,BR,2020-08-25 17:39:26,-8.28,-35.03,82.4,61,20,13.87
449,Znamenskoye,BR,2020-08-25 17:39:27,-8.28,-35.03,82.4,61,20,13.87
450,Chagda,BR,2020-08-25 17:39:27,-8.28,-35.03,82.4,61,20,13.87
451,Bursa,BR,2020-08-25 17:39:26,-8.28,-35.03,82.4,61,20,13.87
452,Verkhnyaya Balkariya,BR,2020-08-25 17:39:26,-8.28,-35.03,82.4,61,20,13.87
453,Vanimo,BR,2020-08-25 17:39:27,-8.28,-35.03,82.4,61,20,13.87
454,Tuban,BR,2020-08-25 17:39:26,-8.28,-35.03,82.4,61,20,13.87
455,Tigil,BR,2020-08-25 17:39:26,-8.28,-35.03,82.4,61,20,13.87
456,Changde,BR,2020-08-25 17:39:26,-8.28,-35.03,82.4,61,20,13.87
457,Dukat,BR,2020-08-25 17:39:26,-8.28,-35.03,82.4,61,20,13.87
458,Cherdyn,BR,2020-08-25 17:39:26,-8.28,-35.03,82.4,61,20,13.87
459,Vinnytsya,BR,2020-08-25 17:39:26,-8.28,-35.03,82.4,61,20,13.87
460,Jalu,BR,2020-08-25 17:39:26,-8.28,-35.03,82.4,61,20,13.87
461,Fort Frances,BR,2020-08-25 17:39:27,-8.28,-35.03,82.4,61,20,13.87
462,La Crosse,BR,2020-08-25 17:39:27,-8.28,-35.03,82.4,61,20,13.87
463,Vila Franca Do Campo,BR,2020-08-25 17:39:26,-8.28,-35.03,82.4,61,20,13.87
464,Faanui,BR,2020-08-25 17:39:26,-8.28,-35.03,82.4,61,20,13.87
465,Napier,BR,2020-08-25 17:39:26,-8.28,-35.03,82.4,61,20,13.87
466,Samarai,BR,2020-08-25 17:39:27,-8.28,-35.03,82.4,61,20,13.87
467,Warrington,BR,2020-08-25 17:39:26,-8.28,-35.03,82.4,61,20,13.87
468,Margate,BR,2020-08-25 17:39:26,-8.28,-35.03,82.4,61,20,13.87
469,Svetlaya,BR,2020-08-25 17:39:26,-8.28,-35.03,82.4,61,20,13.87
470,Smithers,BR,2020-08-25 17:39:26,-8.28,-35.03,82.4,61,20,13.87
471,Aflu,BR,2020-08-25 17:39:26,-8.28,-35.03,82.4,61,20,13.87
472,Tsihombe,BR,2020-08-25 17:39:27,-8.28,-35.03,82.4,61,20,13.87
473,Lavrentiya,BR,2020-08-25 17:39:26,-8.28,-35.03,82.4,61,20,13.87
474,Murgab,BR,2020-08-25 17:39:26,-8.28,-35.03,82.4,61,20,13.87
475,Yaval,BR,2020-08-25 17:39:27,-8.28,-35.03,82.4,61,20,13.87
476,Krasnoselkup,BR,2020-08-25 17:39:27,-8.28,-35.03,82.4,61,20,13.87
477,Talara,BR,2020-08-25 17:39:26,-8.28,-35.03,82.4,61,20,13.87
478,Kalmunai,BR,2020-08-25 17:39:26,-8.28,-35.03,82.4,61,20,13.87
479,Ishinomaki,BR,2020-08-25 17:39:27,-8.28,-35.03,82.4,61,20,13.87
480,Mao,BR,2020-08-25 17:39:26,-8.28,-35.03,82.4,61,20,13.87
481,Sao Joao Da Barra,BR,2020-08-25 17:39:26,-8.28,-35.03,82.4,61,20,13.87
482,Swan River,BR,2020-08-25 17:39:26,-8.28,-35.03,82.4,61,20,13.87
483,Ishigaki,BR,2020-08-25 17:39:27,-8.28,-35.03,82.4,61,20,13.87
484,Hudiksvall,BR,2020-08-25 17:39:27,-8.28,-35.03,82.4,61,20,13.87
485,Chuchkovo,BR,2020-08-25 17:39:26,-8.28,-35.03,82.4,61,20,13.87
486,Gamboma,BR,2020-08-25 17:39:26,-8.28,-35.03,82.4,61,20,13.87
487,Kjollefjord,BR,2020-08-25 17:39:26,-8.28,-35.03,82.4,61,20,13.87
488,Turukhansk,BR,2020-08-25 17:39:27,-8.28,-35.03,82.4,61,20,13.87
489,Shuangyang,BR,2020-08-25 17:39:26,-8.28,-35.03,82.4,61,20,13.87
490,Zyryanka,BR,2020-08-25 17:39:26,-8.28,-35.03,82.4,61,20,13.87
491,Namtsy,BR,2020-08-25 17:39:26,-8.28,-35.03,82.4,61,20,13.87
492,Kilrush,BR,2020-08-25 17:39:26,-8.28,-35.03,82.4,61,20,13.87
493,Sept-Iles,BR,2020-08-25 17:39:27,-8.28,-35.03,82.4,61,20,13.87
494,San Policarpo,BR,2020-08-25 17:39:27,-8.28,-35.03,82.4,61,20,13.87
495,Cayenne,BR,2020-08-25 17:39:26,-8.28,-35.03,82.4,61,20,13.87
496,Golyshmanovo,BR,2020-08-25 17:39:27,-8.28,-35.03,82.4,61,20,13.87
497,Cozumel,BR,2020-08-25 17:39:26,-8.28,-35.03,82.4,61,20,13.87
498,Marsh Harbour,BR,2020-08-25 17:39:26,-8.28,-35.03,82.4,61,20,13.87
499,Guerrero Negro,BR,2020-08-25 17:39:27,-8.28,-35.03,82.4,61,20,13.87
500,Mildura,BR,2020-08-25 17:39:26,-8.28,-35.03,82.4,61,20,13.87
501,Aquiraz,BR,2020-08-25 17:39:26,-8.28,-35.03,82.4,61,20,13.87
502,Tezu,BR,2020-08-25 17:39:27,-8.28,-35.03,82.4,61,20,13.87
503,Jilin,BR,2020-08-25 17:39:27,-8.28,-35.03,82.4,61,20,13.87
504,Nanning,BR,2020-08-25 17:39:26,-8.28,-35.03,82.4,61,20,13.87
505,Dunedin,BR,2020-08-25 17:39:27,-8.28,-35.03,82.4,61,20,13.87
506,Arlit,BR,2020-08-25 17:39:26,-8.28,-35.03,82.4,61,20,13.87
507,Itoman,BR,2020-08-25 17:39:26,-8.28,-35.03,82.4,61,20,13.87
508,Eregli,BR,2020-08-25 17:39:26,-8.28,-35.03,82.4,61,20,13.87
509,Chokurdakh,BR,2020-08-25 17:39:26,-8.28,-35.03,82.4,61,20,13.87
510,Ust-Kuyga,BR,2020-08-25 17:39:26,-8.28,-35.03,82.4,61,20,13.87
511,Helong,BR,2020-08-25 17:39:26,-8.28,-35.03,82.4,61,20,13.87
512,Puteyets,BR,2020-08-25 17:39:27,-8.28,-35.03,82.4,61,20,13.87
513,Grootfontein,BR,2020-08-25 17:39:27,-8.28,-35.03,82.4,61,20,13.87
514,Zaysan,BR,2020-08-25 17:39:27,-8.28,-35.03,82.4,61,20,13.87
515,Samarinda,BR,2020-08-25 17:39:26,-8.28,-35.03,82.4,61,20,13.87
516,Syracuse,BR,2020-08-25 17:39:27,-8.28,-35.03,82.4,61,20,13.87
517,Culaman,BR,2020-08-25 17:39:26,-8.28,-35.03,82.4,61,20,13.87
518,Felidhoo,BR,2020-08-25 17:39:26,-8.28,-35.03,82.4,61,20,13.87
519,Wanning,BR,2020-08-25 17:39:26,-8.28,-35.03,82.4,61,20,13.87
520,Vizimyary,BR,2020-08-25 17:39:27,-8.28,-35.03,82.4,61,20,13.87
521,Saint-Joseph,BR,2020-08-25 17:39:26,-8.28,-35.03,82.4,61,20,13.87
522,Hualmay,BR,2020-08-25 17:39:27,-8.28,-35.03,82.4,61,20,13.87
523,Bilma,BR,2020-08-25 17:39:26,-8.28,-35.03,82.4,61,20,13.87
524,Winnemucca,BR,2020-08-25 17:39:27,-8.28,-35.03,82.4,61,20,13.87
525,Birao,BR,2020-08-25 17:39:26,-8.28,-35.03,82.4,61,20,13.87
526,Filingue,BR,2020-08-25 17:39:26,-8.28,-35.03,82.4,61,20,13.87
527,Rawatsar,BR,2020-08-25 17:39:26,-8.28,-35.03,82.4,61,20,13.87
528,Meulaboh,BR,2020-08-25 17:39:26,-8.28,-35.03,82.4,61,20,13.87
529,Banjar,BR,2020-08-25 17:39:26,-8.28,-35.03,82.4,61,20,13.87
530,Puerto Princesa,BR,2020-08-25 17:39:26,-8.28,-35.03,82.4,61,20,13.87
531,Puerto Palomas,BR,2020-08-25 17:39:26,-8.28,-35.03,82.4,61,20,13.87
532,Vaitape,BR,2020-08-25 17:39:26,-8.28,-35.03,82.4,61,20,13.87
533,Doctor Pedro P. Pena,BR,2020-08-25 17:39:26,-8.28,-35.03,82.4,61,20,13.87
534,Humaita,BR,2020-08-25 17:39:27,-8.28,-35.03,82.4,61,20,13.87
535,Doume,BR,2020-08-25 17:39:26,-8.28,-35.03,82.4,61,20,13.87
536,Mahadday Weyne,BR,2020-08-25 17:39:27,-8.28,-35.03,82.4,61,20,13.87
537,Oktyabrskoye,BR,2020-08-25 17:39:26,-8.28,-35.03,82.4,61,20,13.87
538,Evensk,BR,2020-08-25 17:39:26,-8.28,-35.03,82.4,61,20,13.87
539,Jerantut,BR,2020-08-25 17:39:26,-8.28,-35.03,82.4,61,20,13.87
540,Dipkarpaz,BR,2020-08-25 17:39:27,-8.28,-35.03,82.4,61,20,13.87
541,Sembakung,BR,2020-08-25 17:39:27,-8.28,-35.03,82.4,61,20,13.87
542,Walvis Bay,BR,2020-08-25 17:39:26,-8.28,-35.03,82.4,61,20,13.87
543,Honiara,BR,2020-08-25 17:39:26,-8.28,-35.03,82.4,61,20,13.87
544,Acajutla,BR,2020-08-25 17:39:26,-8.28,-35.03,82.4,61,20,13.87
545,Aybak,BR,2020-08-25 17:39:26,-8.28,-35.03,82.4,61,20,13.87
546,San Ramon De La Nueva Oran,BR,2020-08-25 17:39:26,-8.28,-35.03,82.4,61,20,13.87
547,Tyumentsevo,BR,2020-08-25 17:39:26,-8.28,-35.03,82.4,61,20,13.87
548,Chernyshevskiy,BR,2020-08-25 17:39:26,-8.28,-35.03,82.4,61,20,13.87
549,Mys Shmidta,BR,2020-08-25 17:39:26,-8.28,-35.03,82.4,61,20,13.87
550,Poum,BR,2020-08-25 17:39:26,-8.28,-35.03,82.4,61,20,13.87
551,Moralillo,BR,2020-08-25 17:39:26,-8.28,-35.03,82.4,61,20,13.87
552,Venado Tuerto,BR,2020-08-25 17:39:26,-8.28,-35.03,82.4,61,20,13.87
553,Thunder Bay,BR,2020-08-25 17:39:26,-8.28,-35.03,82.4,61,20,13.87
554,Cherskiy,BR,2020-08-25 17:39:26,-8.28,-35.03,82.4,61,20,13.87
555,Charters Towers,BR,2020-08-25 17:39:26,-8.28,-35.03,82.4,61,20,13.87
556,Tiznit,BR,2020-08-25 17:39:26,-8.28,-35.03,82.4,61,20,13.87
557,Moree,BR,2020-08-25 17:39:26,-8.28,-35.03,82.4,61,20,13.87
558,Kamenskoye,BR,2020-08-25 17:39:26,-8.28,-35.03,82.4,61,20,13.87
559,Praia Da Vitoria,BR,2020-08-25 17:39:26,-8.28,-35.03,82.4,61,20,13.87
560,Kefamenanu,BR,2020-08-25 17:39:26,-8.28,-35.03,82.4,61,20,13.87
561,Nhulunbuy,BR,2020-08-25 17:39:26,-8.28,-35.03,82.4,61,20,13.87
562,Verkhnevilyuysk,BR,2020-08-25 17:39:26,-8.28,-35.03,82.4,61,20,13.87
563,Zhangjiakou,BR,2020-08-25 17:39:26,-8.28,-35.03,82.4,61,20,13.87
564,Naze,BR,2020-08-25 17:39:26,-8.28,-35.03,82.4,61,20,13.87
565,Yeltsovka,BR,2020-08-25 17:39:27,-8.28,-35.03,82.4,61,20,13.87
566,Sayyan,BR,2020-08-25 17:39:27,-8.28,-35.03,82.4,61,20,13.87
567,Luangwa,BR,2020-08-25 17:39:27,-8.28,-35.03,82.4,61,20,13.87
568,Vestmannaeyjar,BR,2020-08-25 17:39:27,-8.28,-35.03,82.4,61,20,13.87
569,Lucapa,BR,2020-08-25 17:39:27,-8.28,-35.03,82.4,61,20,13.87
570,Mersin,BR,2020-08-25 17:39:26,-8.28,-35.03,82.4,61,20,13.87
571,Kamenka,BR,2020-08-25 17:39:26,-8.28,-35.03,82.4,61,20,13.87
572,Sydney,BR,2020-08-25 17:39:26,-8.28,-35.03,82.4,61,20,13.87
573,Yerbogachen,BR,2020-08-25 17:39:26,-8.28,-35.03,82.4,61,20,13.87
574,Jijiga,BR,2020-08-25 17:39:26,-8.28,-35.03,82.4,61,20,13.87
575,Leninskoye,BR,2020-08-25 17:39:26,-8.28,-35.03,82.4,61,20,13.87
576,Santiago,BR,2020-08-25 17:39:26,-8.28,-35.03,82.4,61,20,13.87
577,Villazon,BR,2020-08-25 17:39:26,-8.28,-35.03,82.4,61,20,13.87
578,Ossora,BR,2020-08-25 17:39:26,-8.28,-35.03,82.4,61,20,13.87
579,Bafq,BR,2020-08-25 17:39:26,-8.28,-35.03,82.4,61,20,13.87
580,Terrell,BR,2020-08-25 17:39:26,-8.28,-35.03,82.4,61,20,13.87
581,Portland,BR,2020-08-25 17:39:26,-8.28,-35.03,82.4,61,20,13.87
582,Sorong,BR,2020-08-25 17:39:26,-8.28,-35.03,82.4,61,20,13.87
583,Morondava,BR,2020-08-25 17:39:27,-8.28,-35.03,82.4,61,20,13.87
584,Osoyoos,BR,2020-08-25 17:39:26,-8.28,-35.03,82.4,61,20,13.87
585,Santo Antonio Do Monte,BR,2020-08-25 17:39:26,-8.28,-35.03,82.4,61,20,13.87
586,Micheweni,BR,2020-08-25 17:39:26,-8.28,-35.03,82.4,61,20,13.87
587,Sigayevo,BR,2020-08-25 17:39:26,-8.28,-35.03,82.4,61,20,13.87
588,Sabha,BR,2020-08-25 17:39:27,-8.28,-35.03,82.4,61,20,13.87
589,Rong Kwang,BR,2020-08-25 17:39:27,-8.28,-35.03,82.4,61,20,13.87
590,Katwa,BR,2020-08-25 17:39:26,-8.28,-35.03,82.4,61,20,13.87
591,Arman,BR,2020-08-25 17:39:26,-8.28,-35.03,82.4,61,20,13.87
592,Sharkan,BR,2020-08-25 17:39:26,-8.28,-35.03,82.4,61,20,13.87
593,Bridlington,BR,2020-08-25 17:39:26,-8.28,-35.03,82.4,61,20,13.87
594,Polaniec,BR,2020-08-25 17:39:26,-8.28,-35.03,82.4,61,20,13.87
595,Matara,BR,2020-08-25 17:39:26,-8.28,-35.03,82.4,61,20,13.87
596,Tual,BR,2020-08-25 17:39:27,-8.28,-35.03,82.4,61,20,13.87
597,Yulara,BR,2020-08-25 17:39:27,-8.28,-35.03,82.4,61,20,13.87
598,Shelburne,BR,2020-08-25 17:39:26,-8.28,-35.03,82.4,61,20,13.87
599,Batagay-Alyta,BR,2020-08-25 17:39:26,-8.28,-35.03,82.4,61,20,13.87
600,Koumac,BR,2020-08-25 17:39:26,-8.28,-35.03,82.4,61,20,13.87
601,Xiaoyi,BR,2020-08-25 17:39:27,-8.28,-35.03,82.4,61,20,13.87
602,Ravar,BR,2020-08-25 17:39:26,-8.28,-35.03,82.4,61,20,13.87
603,Inirida,BR,2020-08-25 17:39:26,-8.28,-35.03,82.4,61,20,13.87
604,Namatanai,BR,2020-08-25 17:39:26,-8.28,-35.03,82.4,61,20,13.87
605,Trofors,BR,2020-08-25 17:39:26,-8.28,-35.03,82.4,61,20,13.87
606,Eyl,BR,2020-08-25 17:39:26,-8.28,-35.03,82.4,61,20,13.87
607,Wiarton,BR,2020-08-25 17:39:26,-8.28,-35.03,82.4,61,20,13.87
608,Canavieiras,BR,2020-08-25 17:39:27,-8.28,-35.03,82.4,61,20,13.87
609,Yaan,BR,2020-08-25 17:39:26,-8.28,-35.03,82.4,61,20,13.87
610,Werda,BR,2020-08-25 17:39:27,-8.28,-35.03,82.4,61,20,13.87
611,Marienburg,BR,2020-08-25 17:39:26,-8.28,-35.03,82.4,61,20,13.87
612,Verkhoyansk,BR,2020-08-25 17:39:26,-8.28,-35.03,82.4,61,20,13.87
613,Jilib,BR,2020-08-25 17:39:26,-8.28,-35.03,82.4,61,20,13.87
614,Port Blair,BR,2020-08-25 17:39:26,-8.28,-35.03,82.4,61,20,13.87
615,Urayasu,BR,2020-08-25 17:39:26,-8.28,-35.03,82.4,61,20,13.87
616,Thohoyandou,BR,2020-08-25 17:39:26,-8.28,-35.03,82.4,61,20,13.87
617,Bardiyah,BR,2020-08-25 17:39:27,-8.28,-35.03,82.4,61,20,13.87
618,Wolgast,BR,2020-08-25 17:39:27,-8.28,-35.03,82.4,61,20,13.87
619,Maghama,BR,2020-08-25 17:39:26,-8.28,-35.03,82.4,61,20,13.87
620,Manokwari,BR,2020-08-25 17:39:27,-8.28,-35.03,82.4,61,20,13.87
621,Merauke,BR,2020-08-25 17:39:26,-8.28,-35.03,82.4,61,20,13.87
622,Ghorawal,BR,2020-08-25 17:39:27,-8.28,-35.03,82.4,61,20,13.87
623,Palabuhanratu,BR,2020-08-25 17:39:26,-8.28,-35.03,82.4,61,20,13.87
624,Durango,BR,2020-08-25 17:39:26,-8.28,-35.03,82.4,61,20,13.87
625,Fakel,BR,2020-08-25 17:39:27,-8.28,-35.03,82.4,61,20,13.87
